{"count": 79, "results": [{"id": 1, "teamid": 8, "name": "Hint for strings", "description": null, "date": "2018-05-16T11:28:50.011612", "value": -1, "category": null, "icon": null}, {"id": 2, "teamid": 4, "name": "Hint for password", "description": null, "date": "2018-05-16T11:30:46.060923", "value": -2, "category": null, "icon": null}, {"id": 3, "teamid": 4, "name": "Hint for password", "description": null, "date": "2018-05-16T11:33:36.106635", "value": -3, "category": null, "icon": null}, {"id": 4, "teamid": 2, "name": "Hint for strings", "description": null, "date": "2018-05-16T11:42:38.186915", "value": -1, "category": null, "icon": null}, {"id": 5, "teamid": 2, "name": "Hint for strings", "description": null, "date": "2018-05-16T11:42:42.434315", "value": -2, "category": null, "icon": null}, {"id": 6, "teamid": 2, "name": "Hint for strings", "description": null, "date": "2018-05-16T11:42:47.048996", "value": -3, "category": null, "icon": null}, {"id": 7, "teamid": 2, "name": "Hint for strings", "description": null, "date": "2018-05-16T11:42:50.516697", "value": -4, "category": null, "icon": null}, {"id": 8, "teamid": 7, "name": "Hint for strings", "description": null, "date": "2018-05-16T11:46:15.216610", "value": -1, "category": null, "icon": null}, {"id": 9, "teamid": 8, "name": "Hint for password", "description": null, "date": "2018-05-16T12:04:36.873378", "value": -1, "category": null, "icon": null}, {"id": 10, "teamid": 31, "name": "Hint for password", "description": null, "date": "2018-05-16T12:31:27.924529", "value": -1, "category": null, "icon": null}, {"id": 11, "teamid": 31, "name": "Hint for password", "description": null, "date": "2018-05-16T12:32:12.405924", "value": -2, "category": null, "icon": null}, {"id": 12, "teamid": 27, "name": "Hint for strings", "description": null, "date": "2018-05-16T12:47:30.790510", "value": -1, "category": null, "icon": null}, {"id": 13, "teamid": 18, "name": "Hint for password", "description": null, "date": "2018-05-16T15:59:07.615789", "value": -1, "category": null, "icon": null}, {"id": 14, "teamid": 18, "name": "Hint for password", "description": null, "date": "2018-05-16T16:01:54.748261", "value": -2, "category": null, "icon": null}, {"id": 15, "teamid": 18, "name": "Hint for password", "description": null, "date": "2018-05-16T16:02:30.377782", "value": -3, "category": null, "icon": null}, {"id": 16, "teamid": 9, "name": "Hint for strings", "description": null, "date": "2018-05-16T16:11:13.673877", "value": -1, "category": null, "icon": null}, {"id": 17, "teamid": 2, "name": "Hint for password", "description": null, "date": "2018-05-17T04:34:31.721291", "value": -1, "category": null, "icon": null}, {"id": 18, "teamid": 2, "name": "Hint for password", "description": null, "date": "2018-05-17T04:34:35.360024", "value": -2, "category": null, "icon": null}, {"id": 19, "teamid": 15, "name": "Hint for ssh_login", "description": null, "date": "2018-05-17T08:35:27.893307", "value": -1, "category": null, "icon": null}, {"id": 20, "teamid": 15, "name": "Hint for password", "description": null, "date": "2018-05-17T09:11:06.138412", "value": -1, "category": null, "icon": null}, {"id": 21, "teamid": 15, "name": "Hint for password", "description": null, "date": "2018-05-17T10:20:18.717620", "value": -2, "category": null, "icon": null}, {"id": 22, "teamid": 15, "name": "Hint for password", "description": null, "date": "2018-05-17T10:43:15.206600", "value": -3, "category": null, "icon": null}, {"id": 23, "teamid": 2, "name": "Hint for password", "description": null, "date": "2018-05-17T10:57:02.710606", "value": -3, "category": null, "icon": null}, {"id": 24, "teamid": 34, "name": "Hint for ssh_login", "description": null, "date": "2018-05-17T10:59:34.012957", "value": -1, "category": null, "icon": null}, {"id": 25, "teamid": 23, "name": "Hint for ssh_login", "description": null, "date": "2018-05-17T12:17:07.548763", "value": -1, "category": null, "icon": null}, {"id": 26, "teamid": 9, "name": "Hint for ssh_login", "description": null, "date": "2018-05-17T13:17:06.267644", "value": -1, "category": null, "icon": null}, {"id": 27, "teamid": 9, "name": "Hint for strings", "description": null, "date": "2018-05-17T13:38:16.496831", "value": -4, "category": null, "icon": null}, {"id": 28, "teamid": 9, "name": "Hint for strings", "description": null, "date": "2018-05-17T13:38:43.960489", "value": -3, "category": null, "icon": null}, {"id": 29, "teamid": 9, "name": "Hint for password", "description": null, "date": "2018-05-17T14:29:01.041815", "value": -2, "category": null, "icon": null}, {"id": 30, "teamid": 9, "name": "Hint for password", "description": null, "date": "2018-05-17T14:29:28.899130", "value": -1, "category": null, "icon": null}, {"id": 31, "teamid": 4, "name": "Hint for ssh_login", "description": null, "date": "2018-05-17T16:21:06.919461", "value": -1, "category": null, "icon": null}, {"id": 32, "teamid": 2, "name": "Hint for bof", "description": null, "date": "2018-05-17T18:43:27.132487", "value": -3, "category": null, "icon": null}, {"id": 33, "teamid": 2, "name": "Hint for bof", "description": null, "date": "2018-05-17T18:43:30.414431", "value": -4, "category": null, "icon": null}, {"id": 34, "teamid": 2, "name": "Hint for bof", "description": null, "date": "2018-05-17T18:43:40.789498", "value": -2, "category": null, "icon": null}, {"id": 35, "teamid": 23, "name": "Hint for search_flag", "description": null, "date": "2018-05-17T22:40:19.410357", "value": -1, "category": null, "icon": null}, {"id": 36, "teamid": 8, "name": "Hint for password", "description": null, "date": "2018-05-17T23:45:48.757561", "value": -2, "category": null, "icon": null}, {"id": 37, "teamid": 8, "name": "Hint for password", "description": null, "date": "2018-05-17T23:45:58.457015", "value": -3, "category": null, "icon": null}, {"id": 38, "teamid": 27, "name": "Hint for ssh_login", "description": null, "date": "2018-05-18T02:39:59.661465", "value": -1, "category": null, "icon": null}, {"id": 39, "teamid": 27, "name": "Hint for strings", "description": null, "date": "2018-05-18T02:55:48.848806", "value": -2, "category": null, "icon": null}, {"id": 40, "teamid": 37, "name": "Hint for ssh_login", "description": null, "date": "2018-05-19T19:21:34.451707", "value": -1, "category": null, "icon": null}, {"id": 41, "teamid": 8, "name": "Hint for ssh_login", "description": null, "date": "2018-05-23T05:16:31.844067", "value": -1, "category": null, "icon": null}, {"id": 42, "teamid": 40, "name": "Hint for strings", "description": null, "date": "2018-05-23T09:56:21.765571", "value": -1, "category": null, "icon": null}, {"id": 43, "teamid": 38, "name": "Hint for bof", "description": null, "date": "2018-05-23T10:04:20.689891", "value": -1, "category": null, "icon": null}, {"id": 44, "teamid": 38, "name": "Hint for bof", "description": null, "date": "2018-05-23T10:05:50.528967", "value": -2, "category": null, "icon": null}, {"id": 45, "teamid": 40, "name": "Hint for ssh_login", "description": null, "date": "2018-05-23T10:32:03.375493", "value": -1, "category": null, "icon": null}, {"id": 46, "teamid": 38, "name": "Hint for ssh_login", "description": null, "date": "2018-05-23T10:32:55.110604", "value": -1, "category": null, "icon": null}, {"id": 47, "teamid": 40, "name": "Hint for search_flag", "description": null, "date": "2018-05-23T10:34:04.302163", "value": -1, "category": null, "icon": null}, {"id": 48, "teamid": 40, "name": "Hint for search_flag", "description": null, "date": "2018-05-23T10:35:15.985685", "value": -2, "category": null, "icon": null}, {"id": 49, "teamid": 38, "name": "Hint for bof", "description": null, "date": "2018-05-23T10:39:33.294303", "value": -3, "category": null, "icon": null}, {"id": 50, "teamid": 47, "name": "Hint for ssh_login", "description": null, "date": "2018-05-23T10:44:47.220757", "value": -1, "category": null, "icon": null}, {"id": 51, "teamid": 38, "name": "Hint for password", "description": null, "date": "2018-05-23T10:45:02.634874", "value": -1, "category": null, "icon": null}, {"id": 52, "teamid": 38, "name": "Hint for password", "description": null, "date": "2018-05-23T10:45:06.876688", "value": -2, "category": null, "icon": null}, {"id": 53, "teamid": 38, "name": "Hint for password", "description": null, "date": "2018-05-23T10:45:12.347470", "value": -3, "category": null, "icon": null}, {"id": 54, "teamid": 38, "name": "Hint for bof", "description": null, "date": "2018-05-23T10:49:59.408588", "value": -4, "category": null, "icon": null}, {"id": 55, "teamid": 46, "name": "Hint for strings", "description": null, "date": "2018-05-23T10:55:15.479031", "value": -1, "category": null, "icon": null}, {"id": 56, "teamid": 46, "name": "Hint for password", "description": null, "date": "2018-05-23T10:57:43.910251", "value": -1, "category": null, "icon": null}, {"id": 57, "teamid": 46, "name": "Hint for ssh_login", "description": null, "date": "2018-05-23T10:57:52.745103", "value": -1, "category": null, "icon": null}, {"id": 58, "teamid": 47, "name": "Hint for search_flag", "description": null, "date": "2018-05-23T10:58:56.810599", "value": -1, "category": null, "icon": null}, {"id": 59, "teamid": 39, "name": "Hint for ssh_login", "description": null, "date": "2018-05-23T11:19:40.806629", "value": -1, "category": null, "icon": null}, {"id": 60, "teamid": 20, "name": "Hint for ssh_login", "description": null, "date": "2018-05-23T11:22:07.960077", "value": -1, "category": null, "icon": null}, {"id": 61, "teamid": 20, "name": "Hint for search_flag", "description": null, "date": "2018-05-23T11:40:20.123666", "value": -1, "category": null, "icon": null}, {"id": 62, "teamid": 18, "name": "Hint for ssh_login", "description": null, "date": "2018-05-23T11:42:01.648927", "value": -1, "category": null, "icon": null}, {"id": 63, "teamid": 50, "name": "Hint for search_flag", "description": null, "date": "2018-05-23T14:00:00.091593", "value": -1, "category": null, "icon": null}, {"id": 64, "teamid": 50, "name": "Hint for search_flag", "description": null, "date": "2018-05-23T14:03:14.829832", "value": -2, "category": null, "icon": null}, {"id": 65, "teamid": 21, "name": "Hint for strings", "description": null, "date": "2018-05-25T00:56:55.116346", "value": -1, "category": null, "icon": null}, {"id": 66, "teamid": 21, "name": "Hint for strings", "description": null, "date": "2018-05-25T02:56:45.793221", "value": -2, "category": null, "icon": null}, {"id": 67, "teamid": 21, "name": "Hint for strings", "description": null, "date": "2018-05-25T02:57:20.448764", "value": -3, "category": null, "icon": null}, {"id": 68, "teamid": 21, "name": "Hint for strings", "description": null, "date": "2018-05-25T03:01:02.224594", "value": -4, "category": null, "icon": null}, {"id": 69, "teamid": 21, "name": "Hint for ssh_login", "description": null, "date": "2018-05-25T03:10:26.538643", "value": -1, "category": null, "icon": null}, {"id": 70, "teamid": 55, "name": "Hint for search_flag", "description": null, "date": "2018-05-28T07:21:01.998355", "value": -1, "category": null, "icon": null}, {"id": 71, "teamid": 55, "name": "Hint for search_flag", "description": null, "date": "2018-05-28T09:44:11.697257", "value": -2, "category": null, "icon": null}, {"id": 72, "teamid": 56, "name": "Hint for strings", "description": null, "date": "2018-05-29T07:51:36.708007", "value": -1, "category": null, "icon": null}, {"id": 73, "teamid": 56, "name": "Hint for strings", "description": null, "date": "2018-05-29T07:51:40.444104", "value": -2, "category": null, "icon": null}, {"id": 74, "teamid": 56, "name": "Hint for strings", "description": null, "date": "2018-05-29T07:51:47.069553", "value": -3, "category": null, "icon": null}, {"id": 75, "teamid": 56, "name": "Hint for strings", "description": null, "date": "2018-05-29T07:51:51.740275", "value": -4, "category": null, "icon": null}, {"id": 76, "teamid": 15, "name": "Hint for bof", "description": null, "date": "2018-05-30T11:30:41.200366", "value": -1, "category": null, "icon": null}, {"id": 77, "teamid": 15, "name": "Hint for bof", "description": null, "date": "2018-05-30T11:30:45.295776", "value": -2, "category": null, "icon": null}, {"id": 78, "teamid": 15, "name": "Hint for bof", "description": null, "date": "2018-05-30T11:30:52.138430", "value": -3, "category": null, "icon": null}, {"id": 79, "teamid": 15, "name": "Hint for bof", "description": null, "date": "2018-05-30T11:30:59.354539", "value": -4, "category": null, "icon": null}], "meta": {}}