{"count": 13, "results": [{"id": 1, "name": "TestProblem", "description": "This is warm-up problem. Please input the \"KITCTF{DOIT!}\"\r\nHowever, do NOT enter the double quatation.\r\n\r\n\u3053\u3053\u304b\u3089\u306f\u30d0\u30a4\u30ca\u30ea\u30c1\u30fc\u30e0\u304b\u3089\u306e\u30e1\u30c3\u30bb\u30fc\u30b8\u3067\u3059\r\n\r\n\u5168\u554f\u30b3\u30de\u30f3\u30c9\u30d7\u30ed\u30f3\u30d7\u30c8\uff08Windows\uff09\u307e\u305f\u30bf\u30fc\u30df\u30ca\u30eb\uff08Linux\uff09\u4e0a\u3067\u5b9f\u884c\u3057\u3066\u304f\u3060\u3055\u3044\uff0e\r\nexe\u30d5\u30a1\u30a4\u30eb\u3092\u30c0\u30a6\u30f3\u30ed\u30fc\u30c9\u3059\u308b\u969b\u306b\uff0c\u30d6\u30e9\u30a6\u30b6\u3084\u30a6\u30a4\u30eb\u30b9\u5bfe\u7b56\u30bd\u30d5\u30c8\u304c\u8b66\u544a\u3092\u3057\u3066\u304d\u3066\u3082\u7121\u8996\u3057\u3066\u304f\u3060\u3055\u3044\uff0e\r\n\u30a6\u30a4\u30eb\u30b9\u3067\u306f\u7121\u3044\u3067\u3059\uff0e\r\n\r\n\u30c4\u30fc\u30eb\r\n\u30fbgdb\u30b3\u30de\u30f3\u30c9\r\n\uff08MinGW\u304bGit bash\u3092\u5165\u308c\u306a\u3044\u3068\u4f7f\u3048\u306a\u3044\uff0e\uff09\r\n\uff082\u5e74\u751f\u306fMinGW\u304c\u5165\u3063\u3066\u3044\u308b\u306f\u305a\uff09\r\n\u30fbIDA v5.0\r\nhttps://drive.google.com/open?id=1xHK-KLEseGLbRw04a_RWHrQu5nqbeSp0\r\n\u30fbImmunity Debugger\r\nhttp://www.immunityinc.com/products/debugger/\r\netc...", "max_attempts": 0, "value": 1, "category": "warm-up", "type": "standard", "hidden": false}, {"id": 2, "name": "strings", "description": "strings", "max_attempts": 0, "value": 50, "category": "Binary", "type": "standard", "hidden": false}, {"id": 3, "name": "password", "description": "\u30d1\u30b9\u30ef\u30fc\u30c9\u3092\u5f53\u3066\u3066\u304f\u3060\u3055\u3044\u3002", "max_attempts": 0, "value": 100, "category": "Binary", "type": "standard", "hidden": false}, {"id": 4, "name": "bof", "description": "\"Hello\"\u3068\u5165\u529b\u3057\u3066\u304f\u3060\u3044...", "max_attempts": 0, "value": 150, "category": "Binary", "type": "standard", "hidden": false}, {"id": 5, "name": "hayaine", "description": "http://150.95.147.189/2.html", "max_attempts": 0, "value": 50, "category": "Web", "type": "standard", "hidden": false}, {"id": 6, "name": "takatsudo", "description": "Get the Flag!", "max_attempts": 0, "value": 100, "category": "Web", "type": "standard", "hidden": false}, {"id": 7, "name": "ssh_login", "description": "IP:153.126.202.133 Port\u304c2222\u756a\u3067\u3059\u300222\u756a\u30dd\u30fc\u30c8\u306f\u3001\u7ba1\u7406\u306b\u4f7f\u3063\u3066\u3044\u308b\u306e\u3067\u3001\u30ed\u30b0\u30a4\u30f3\u3067\u304d\u307e\u305b\u3093\u3002\u672c\u5f53\u306b\u3054\u3081\u3093\u306a\u3055\u3044\u3002 \r\nUSER:root", "max_attempts": 0, "value": 50, "category": "Network", "type": "standard", "hidden": false}, {"id": 8, "name": "search_flag", "description": "\u30c9\u30ea\u30d0\u30fc\u304f\u3093\u306f\u3001\u5927\u5207\u306aflag\u3092\u5fd8\u308c\u306a\u3044\u3088\u3046\u306b\u30c7\u30fc\u30bf\u30d9\u30fc\u30b9\u306b\u4fdd\u5b58\u3057\u3066\u307f\u307e\u3057\u305f\u3002\u3057\u304b\u3057\u3001\u3069\u3053\u306b\u4fdd\u5b58\u3057\u305f\u306e\u304b\u3092\u5fd8\u308c\u3066\u3057\u307e\u3044\u53d6\u308a\u51fa\u3059\u3053\u3068\u304c\u3067\u304d\u307e\u305b\u3093\u3002\u30c9\u30ea\u30d0\u30fc\u304f\u3093\u306e\u305f\u3081\u3001flag\u3092\u63a2\u3057\u3066\u3042\u3052\u3066\u304f\u3060\u3055\u3044\u3002   \r\n```curl http://153.126.202.133:8080/users```", "max_attempts": 0, "value": 100, "category": "Network", "type": "standard", "hidden": false}, {"id": 9, "name": "post_flag", "description": "Get the flag!", "max_attempts": 0, "value": 150, "category": "Network", "type": "standard", "hidden": false}, {"id": 10, "name": "Survey", "description": "https://goo.gl/forms/iJfs0NF1NYW6L9xm1\r\n\r\n\u30a2\u30f3\u30b1\u30fc\u30c8\u306b\u7b54\u3048\u308b\u3068\u3001\u30d5\u30e9\u30b0\u304c\u3082\u3089\u3048\u307e\u3059\u3002\r\n\u3053\u306e\u30d5\u30e9\u30b0\u3092\u983c\u308a\u306b\u3057\u3066\u3001\u4ed6\u306e\u554f\u984c\u306e\u30d2\u30f3\u30c8\u3092\u89e3\u653e\u3057\u3001\u6311\u6226\u3057\u3066\u307f\u3066\u304f\u3060\u3055\u3044\u3002", "max_attempts": 0, "value": 30, "category": "warm-up", "type": "standard", "hidden": false}, {"id": 11, "name": "BASE", "description": "Decrypt it.", "max_attempts": 0, "value": 10, "category": "warm-up", "type": "standard", "hidden": false}, {"id": 12, "name": "ROT13", "description": "Decrypt it.", "max_attempts": 0, "value": 10, "category": "warm-up", "type": "standard", "hidden": false}, {"id": 13, "name": "XOR", "description": "Decrypt it.", "max_attempts": 0, "value": 20, "category": "warm-up", "type": "standard", "hidden": false}], "meta": {}}