{"count": 8, "results": [{"id": 1, "chal": 2, "location": "3ed0341dec7db3f86fd5fbb08556f664/strings.exe"}, {"id": 2, "chal": 3, "location": "3a24130c1a1399bf028dcdb53f72c71f/password.exe"}, {"id": 3, "chal": 4, "location": "04dc3676c4b3f32080ef5dd9ebc9419d/bof.exe"}, {"id": 4, "chal": 6, "location": "d6afbdf34c3c7a5098a4aec4c9802bd6/takatsudo.zip"}, {"id": 5, "chal": 9, "location": "fb452abb4a958694579a7ed804ebc780/post_flag.pcap"}, {"id": 6, "chal": 11, "location": "228d74a62acbadbde6bb88f26376dcb6/data.txt"}, {"id": 7, "chal": 12, "location": "2bf6c2e5ddc6bf8c78e8fadd8e1c2169/rot13.txt"}, {"id": 8, "chal": 13, "location": "4ec5bf0df180857cc008134876dd739d/xor.txt"}], "meta": {}}