{"count": 14, "results": [{"id": 1, "chal": 1, "type": "static", "flag": "KITCTF{DOIT!}", "data": null}, {"id": 2, "chal": 2, "type": "static", "flag": "KITCTF{You_understand_how_to_use_strings_command}", "data": null}, {"id": 3, "chal": 3, "type": "static", "flag": "KITCTF{You are very smart.}", "data": null}, {"id": 4, "chal": 4, "type": "static", "flag": "KITCTF{BOF is difficult.}", "data": null}, {"id": 5, "chal": 5, "type": "static", "flag": "KITCTF{SOCIO-TECH_is_MITSUBISHIELECTRIC}", "data": null}, {"id": 6, "chal": 6, "type": "static", "flag": "KITCTF{dy_dm_dd_weekday}", "data": null}, {"id": 7, "chal": 6, "type": "static", "flag": "KITCTF{35_417_12690_19}", "data": null}, {"id": 8, "chal": 7, "type": "static", "flag": "KITCTF{ssh_is_useful}", "data": null}, {"id": 9, "chal": 8, "type": "static", "flag": "KITCTF{My_name_is_REST_API_Server}", "data": null}, {"id": 10, "chal": 9, "type": "static", "flag": "KITCTF{pcap_file}", "data": null}, {"id": 11, "chal": 10, "type": "static", "flag": "KITCTF{You_Can_Do_It!}", "data": null}, {"id": 12, "chal": 11, "type": "static", "flag": "KITCTF{base64_is_not_cipher}", "data": null}, {"id": 13, "chal": 12, "type": "static", "flag": "KITCTF{ROT13_is_simple_cipher}", "data": null}, {"id": 14, "chal": 13, "type": "static", "flag": "KITCTF{xor_is_cheap_encryption}", "data": null}], "meta": {}}