{"count": 1, "results": [{"id": 1, "auth_required": false, "title": null, "route": "index", "html": "<div class=\"row\">\n    <div class=\"col-md-6 offset-md-3\">\n        <img class=\"w-100 mx-auto d-block\" style=\"max-width: 500px;padding: 50px;padding-top: 14vh;\" src=\"themes/core/static/img/logo.png\" />\n        <h3 class=\"text-center\">\n            <p>A cool CTF platform from <a href=\"https://ctfd.io\">ctfd.io</a></p>\n            <p>Follow us on social media:</p>\n            <a href=\"https://twitter.com/ctfdio\"><i class=\"fab fa-twitter fa-2x\" aria-hidden=\"true\"></i></a>&nbsp;\n            <a href=\"https://facebook.com/ctfdio\"><i class=\"fab fa-facebook fa-2x\" aria-hidden=\"true\"></i></a>&nbsp;\n            <a href=\"https://github.com/ctfd\"><i class=\"fab fa-github fa-2x\" aria-hidden=\"true\"></i></a>\n        </h3>\n        <br>\n        <h4 class=\"text-center\">\n            <a href=\"admin\">Click here</a> to login and setup your CTF\n        </h4>\n    </div>\n</div>", "draft": false}], "meta": {}}