{"count": 57, "results": [{"id": 1, "name": "happynote3966", "email": "01ssrmikururudevice01@gmail.com", "password": "$bcrypt-sha256$2b,12$w1MPFO3FyITf11qtC8nB2O$PnPKjfRA0ueGAkaIKvQJJkaxebiGO0e", "website": null, "affiliation": null, "country": null, "bracket": null, "banned": true, "verified": false, "admin": true, "joined": "2018-05-16T10:46:15.228486"}, {"id": 2, "name": "binary", "email": "ehyseu5sru@aehaer.com", "password": "$bcrypt-sha256$2b,12$1ffsdvpVW0zyilw/7Um3AO$yJDqCiWoUUQmd0D0HLGJxX9eR2JOt2i", "website": "", "affiliation": "", "country": "", "bracket": null, "banned": true, "verified": false, "admin": true, "joined": "2018-05-16T11:00:31.061564"}, {"id": 3, "name": "fish0009", "email": "dasdadj@osoasko.ooak.com", "password": "$bcrypt-sha256$2b,12$yFPiKUuCJbFP5mlXyiT2sO$Mu0Qnn9B28BazeBx2em0sZVBLsOypMS", "website": null, "affiliation": null, "country": null, "bracket": null, "banned": false, "verified": false, "admin": false, "joined": "2018-05-16T11:02:43.846071"}, {"id": 4, "name": "mina", "email": "temp@temp.com", "password": "$bcrypt-sha256$2b,12$ulPAfDyN3hRPC.2bS3cbnO$7.lunXCfVLMtFvFqyd1nuDYdd5wtBMy", "website": "", "affiliation": "", "country": "", "bracket": null, "banned": false, "verified": false, "admin": false, "joined": "2018-05-16T11:03:14.330510"}, {"id": 5, "name": "Re", "email": "123456789@yahoo.co.jp", "password": "$bcrypt-sha256$2b,12$.Q4gPuNdAO1vLWiIS028fu$4JYabkmd0m40tTqzgZVEgSIwWrUb99i", "website": null, "affiliation": null, "country": null, "bracket": null, "banned": false, "verified": false, "admin": false, "joined": "2018-05-16T11:03:20.821813"}, {"id": 6, "name": "No111", "email": "abc@gmail.com", "password": "$bcrypt-sha256$2b,12$01Rbx42KpAOSRl6pA/Q1/u$w/S2b4lAAoiKXMQOMJjysf5icxUWV9e", "website": null, "affiliation": null, "country": null, "bracket": null, "banned": false, "verified": false, "admin": false, "joined": "2018-05-16T11:03:35.438027"}, {"id": 7, "name": "i'M TIRED", "email": "abc123@www.jp", "password": "$bcrypt-sha256$2b,12$ebZSqYjNjI0/ugrfC3uTrO$wvYOdM0bOJfIK05Nl1kfdKG6eN.d2.q", "website": null, "affiliation": null, "country": null, "bracket": null, "banned": false, "verified": false, "admin": false, "joined": "2018-05-16T11:03:59.261770"}, {"id": 8, "name": "HY", "email": "sakuraisyou@yahhho.com", "password": "$bcrypt-sha256$2b,12$cNWTrzSMR8eYf0EVJTOE.O$8pbYcjYu/XX.NHt1GKefdQlZCJUG932", "website": null, "affiliation": null, "country": null, "bracket": null, "banned": false, "verified": false, "admin": false, "joined": "2018-05-16T11:03:59.971546"}, {"id": 9, "name": "bullshit", "email": "tekitooo@gmail.com", "password": "$bcrypt-sha256$2b,12$TaIwmwew4maVfmdwRjSZFu$dW5Vluc9Z1uE7cFYKTghyVVhPmpKyFG", "website": null, "affiliation": null, "country": null, "bracket": null, "banned": false, "verified": false, "admin": false, "joined": "2018-05-16T11:04:03.566915"}, {"id": 10, "name": "I\u2661NY", "email": "japanies@yeahhhhh.com", "password": "$bcrypt-sha256$2b,12$vKghX8zrB1AFeF70G7ZMQ.$JjC0mgdkSgFOG2.ifEsoAU0YqNZCxZ2", "website": null, "affiliation": null, "country": null, "bracket": null, "banned": false, "verified": false, "admin": false, "joined": "2018-05-16T11:04:32.019518"}, {"id": 11, "name": "syach", "email": "syach@sea.com", "password": "$bcrypt-sha256$2b,12$XIqk.D1LvZO3N3Kj.JckuO$3J8lf9N3MZJbbZIdtIXOWsYGSsAdnGm", "website": null, "affiliation": null, "country": null, "bracket": null, "banned": false, "verified": false, "admin": false, "joined": "2018-05-16T11:04:35.478616"}, {"id": 12, "name": "TTEE", "email": "a@aaaada.rgrsg", "password": "$bcrypt-sha256$2b,12$LfkyxdOs8fWmdyKS.Ee/Je$1IPq279nC7omLYOlRGt/iUUPynoqMZi", "website": null, "affiliation": null, "country": null, "bracket": null, "banned": false, "verified": false, "admin": false, "joined": "2018-05-16T11:04:35.984577"}, {"id": 13, "name": "ijijijjijijiij", "email": "jhifdzs@gmail.com", "password": "$bcrypt-sha256$2b,12$0TFfBAkXgq7ROigUpKRTRu$6qW.Wl5mkCJGdDT0mlPnhw/7ekO8G9C", "website": null, "affiliation": null, "country": null, "bracket": null, "banned": false, "verified": false, "admin": false, "joined": "2018-05-16T11:04:41.015772"}, {"id": 14, "name": "Taka", "email": "ctf.mother@gmail.com", "password": "$bcrypt-sha256$2b,12$Fgowa079mw2b.f6r29aLo.$RaBcdiC/Mwq7lcYMj9w7bc.k/HDQe4e", "website": null, "affiliation": null, "country": null, "bracket": null, "banned": false, "verified": false, "admin": false, "joined": "2018-05-16T11:05:04.793025"}, {"id": 15, "name": "\u5206\u304b\u308a\u3084\u3059\u3044\u30ab\u30d4\u30d1\u30e9-1815638", "email": "ctf000@kit.com", "password": "$bcrypt-sha256$2b,12$5WgiriitWDxhyuyr2DWwve$2Mr92jyDWJBRZNfqmqqp71AzEBQAe6W", "website": "", "affiliation": "", "country": "", "bracket": null, "banned": false, "verified": false, "admin": false, "joined": "2018-05-16T11:05:05.471539"}, {"id": 16, "name": "ctftest", "email": "first0123@ctf.ctf", "password": "$bcrypt-sha256$2b,12$KfhUEBXJI2owDsBBYkruIO$YrzPfmZJ0udwjobZOu7oTRDaKGIggUG", "website": null, "affiliation": null, "country": null, "bracket": null, "banned": false, "verified": false, "admin": false, "joined": "2018-05-16T11:05:12.233080"}, {"id": 17, "name": "ppap", "email": "aaaaaa@gmail.com", "password": "$bcrypt-sha256$2b,12$SPtOGuhsB4GE37pk2Mfye.$//ukH8rA2gFjCGJVdr7YgD5JSj4iDPi", "website": null, "affiliation": null, "country": null, "bracket": null, "banned": false, "verified": false, "admin": false, "joined": "2018-05-16T11:05:18.987275"}, {"id": 18, "name": "kaiman", "email": "777@aiueo.com", "password": "$bcrypt-sha256$2b,12$iV8PZoZX8jSxuMUZhDxLKO$UBWuQwk.ijdzsIPL0gYxTHJsSvQ9PFC", "website": null, "affiliation": null, "country": null, "bracket": null, "banned": false, "verified": false, "admin": false, "joined": "2018-05-16T11:05:34.933711"}, {"id": 19, "name": "ytnnn", "email": "1234@asdf.com", "password": "$bcrypt-sha256$2b,12$G3qhNJzdse0BXQ05NVM7gO$bUG3DdHVAE61XfS00QyjkLw7/KzHUPa", "website": null, "affiliation": null, "country": null, "bracket": null, "banned": false, "verified": false, "admin": false, "joined": "2018-05-16T11:05:47.960122"}, {"id": 20, "name": "BlueScreen", "email": "bluescreen@unko.jp", "password": "$bcrypt-sha256$2b,12$B.CxTX0EW3ilAyOCOuy6Cu$xlVJkfUHnQOIYYHsCdPPevo.Aby50Xq", "website": null, "affiliation": null, "country": null, "bracket": null, "banned": false, "verified": false, "admin": false, "joined": "2018-05-16T11:05:53.564776"}, {"id": 21, "name": "scp", "email": "123@gmail.com", "password": "$bcrypt-sha256$2b,12$7S6gFAQ0pZu7iSfhBPnX5.$CZkw59gjyvsaEvHjiMWD4cgJ1DJ4PNO", "website": null, "affiliation": null, "country": null, "bracket": null, "banned": false, "verified": false, "admin": false, "joined": "2018-05-16T11:06:51.537263"}, {"id": 22, "name": "uparu", "email": "aed123@gmail.com", "password": "$bcrypt-sha256$2b,12$81OhvVRn2JdScBjnX5sQ8e$pGZ4SSh4zy2I9wT9YbV3nymA8pDWD1a", "website": null, "affiliation": null, "country": null, "bracket": null, "banned": false, "verified": false, "admin": false, "joined": "2018-05-16T11:09:33.991196"}, {"id": 23, "name": "$1$yIXjv62I$383izhlMPI0Fac1Aa3O.b", "email": "yotiyotiarukinopengin@gmail.com", "password": "$bcrypt-sha256$2b,12$exMvH/Fr4gZFBUXlHdt14O$0bAtq4s18wd4fDgE8pK1BN7XJ4o4DC6", "website": "", "affiliation": "", "country": "", "bracket": null, "banned": true, "verified": false, "admin": true, "joined": "2018-05-16T11:09:40.884031"}, {"id": 24, "name": "meron", "email": "asdf@asd.as", "password": "$bcrypt-sha256$2b,12$JZu04gUrbc83cBYLAyE.C.$ljIljQPD5mk16mfO2mEMUldHgYoBZCe", "website": null, "affiliation": null, "country": null, "bracket": null, "banned": false, "verified": false, "admin": false, "joined": "2018-05-16T11:09:57.715952"}, {"id": 25, "name": "YUDETAMAGO!", "email": "aaaa@aaa.com", "password": "$bcrypt-sha256$2b,12$60IAZR27XcWkgjagbpZWhu$bseCX5LFjoD9JbIpskQedS/FHBkloPu", "website": null, "affiliation": null, "country": null, "bracket": null, "banned": false, "verified": false, "admin": false, "joined": "2018-05-16T11:20:58.099637"}, {"id": 26, "name": "\u304a\u3063\u3071\u3044\u30c0\u30a4\u30b7\u30e5\u30ad", "email": "b1517914@planet.kanazawa-it.ac.jp", "password": "$bcrypt-sha256$2b,12$YSknduE0veyUiASjblns5O$GudQgjegFaYIKAjjbAQLq5aA97Qn.Dq", "website": null, "affiliation": null, "country": null, "bracket": null, "banned": false, "verified": false, "admin": false, "joined": "2018-05-16T11:22:33.155321"}, {"id": 27, "name": "ppap1", "email": "aaaaa@gmail.com", "password": "$bcrypt-sha256$2b,12$COSazStzwaHlmobYnU5d6u$UMLxcWXoWzIqv1B0LI5P42012TDCFIG", "website": null, "affiliation": null, "country": null, "bracket": null, "banned": false, "verified": false, "admin": false, "joined": "2018-05-16T11:24:40.835356"}, {"id": 28, "name": "Taka69", "email": "ctf.motherfucker@gmail.com", "password": "$bcrypt-sha256$2b,12$oHGabjte/apfK.dhIvFR6.$8BF7KY3Iaktg71x1uGxo7XoqLXzWOci", "website": null, "affiliation": null, "country": null, "bracket": null, "banned": false, "verified": false, "admin": false, "joined": "2018-05-16T11:33:47.785308"}, {"id": 29, "name": "fish00099", "email": "ckdcdjcdj@d.jffddka", "password": "$bcrypt-sha256$2b,12$28aMeBqFIpsqWopnyYbqVO$/nVR4J94.sKkeAHQCNG4mFIa9BVju9q", "website": null, "affiliation": null, "country": null, "bracket": null, "banned": false, "verified": false, "admin": false, "joined": "2018-05-16T11:35:56.508591"}, {"id": 30, "name": "Warotauchi", "email": "nullpoga@warotaprojecter.aoaoa", "password": "$bcrypt-sha256$2b,12$WEKpqyM3DRP76ChGDSCMPO$eJ536VxAC7BZFxGpsqwtDK/lJ740i2W", "website": null, "affiliation": null, "country": null, "bracket": null, "banned": false, "verified": false, "admin": false, "joined": "2018-05-16T11:38:55.881676"}, {"id": 31, "name": "I\u2665NY", "email": "japanies@yeahhh.com", "password": "$bcrypt-sha256$2b,12$F6EbUpRsXzUZCTjgAjQzz.$9/w5A0Vis45biVLlNZQjXBniPJaL.9C", "website": null, "affiliation": null, "country": null, "bracket": null, "banned": false, "verified": false, "admin": false, "joined": "2018-05-16T12:14:40.287247"}, {"id": 32, "name": "\u306f\u305f\u306f\u305f", "email": "111@gmail.com", "password": "$bcrypt-sha256$2b,12$ZiN7fxOwFnL21GCG4WD0Hu$UVb7Uz4J2Voxh9fooeO.QaMP5lgYX06", "website": null, "affiliation": null, "country": null, "bracket": null, "banned": false, "verified": false, "admin": false, "joined": "2018-05-17T08:39:13.390703"}, {"id": 33, "name": "hitoron", "email": "hitoron@yahooo.co.jp", "password": "$bcrypt-sha256$2b,12$o2iNCdDKxUaKGKwzR18DfO$IRWBztd14WgD/SDVErJdt0/in9oDr9K", "website": null, "affiliation": null, "country": null, "bracket": null, "banned": false, "verified": false, "admin": false, "joined": "2018-05-17T08:43:41.161965"}, {"id": 34, "name": "shima_tyanogi", "email": "test@mail.com", "password": "$bcrypt-sha256$2b,12$u4qfqUSQx0OIvB7UJF5d5e$kZcZrqJPT.i5oRJl43LLIu44ZgMqMdO", "website": null, "affiliation": null, "country": null, "bracket": null, "banned": false, "verified": false, "admin": false, "joined": "2018-05-17T09:24:40.164086"}, {"id": 35, "name": "Tomiori Neo (\u5bcc\u7e54 \u6839\u5862\uff09", "email": "hitachi@insprie.co.jp", "password": "$bcrypt-sha256$2b,12$X8IwR4CKKLd4ZdvHYPMGkO$7vex/NvmQTgsnU.8E9/KjQEvpoTtbBO", "website": "", "affiliation": "", "country": "", "bracket": null, "banned": true, "verified": false, "admin": true, "joined": "2018-05-17T23:41:16.697883"}, {"id": 36, "name": "Takapon", "email": "ctfmother@gmail.com", "password": "$bcrypt-sha256$2b,12$JxoTZuyiaZZQ75cBW7s9i.$BqGwUZccb.zJKCHQkQ5pHNtwj7uzDri", "website": null, "affiliation": null, "country": null, "bracket": null, "banned": false, "verified": false, "admin": false, "joined": "2018-05-18T02:01:16.661087"}, {"id": 37, "name": "MyPoZi", "email": "aaaaaaa@aaaaaaaaaaaaaaaa.aaaaaaa", "password": "$bcrypt-sha256$2b,12$hLVGipoQyySwRtdXq2rvoe$4Ea94/LRbQTJil11tYiiEtneKJHYmcK", "website": null, "affiliation": null, "country": null, "bracket": null, "banned": false, "verified": false, "admin": false, "joined": "2018-05-19T14:32:20.421468"}, {"id": 38, "name": "anpan", "email": "aaaaaaaab@www.com", "password": "$bcrypt-sha256$2b,12$.Polywz.3.kRFy33ubhxn.$QmJFgAtaTMy/ftJzYyHnhF57RlF4AcG", "website": null, "affiliation": null, "country": null, "bracket": null, "banned": false, "verified": false, "admin": false, "joined": "2018-05-23T03:59:45.627275"}, {"id": 39, "name": "fish000911", "email": "dqowvj@vkvksdke.com.jp", "password": "$bcrypt-sha256$2b,12$jyQBqXhfXPt.j1/IuxDRDu$GVWxFjWIdWW9c/GcxiUevqW2IJF0OX.", "website": null, "affiliation": null, "country": null, "bracket": null, "banned": false, "verified": false, "admin": false, "joined": "2018-05-23T05:24:36.468209"}, {"id": 40, "name": "Takachinman", "email": "takachinman@gmail.com", "password": "$bcrypt-sha256$2b,12$m2/q7zNS3ZS3Rq5.A9XeAu$cFFv8ZFQi171EliNdmmFcZRqRRM83Fq", "website": null, "affiliation": null, "country": null, "bracket": null, "banned": false, "verified": false, "admin": false, "joined": "2018-05-23T09:48:38.998508"}, {"id": 41, "name": "qqqqqqq", "email": "hcgervgrev@gdyewc.com", "password": "$bcrypt-sha256$2b,12$PYnNJoqNGmyW0hIbfhpSS.$uksu1Hyki1QgQb0J3pmBWqCrxrxn2TG", "website": null, "affiliation": null, "country": null, "bracket": null, "banned": false, "verified": false, "admin": false, "joined": "2018-05-23T09:51:49.154278"}, {"id": 42, "name": "aaaaaa", "email": "adjihduhf@hdiadia.com", "password": "$bcrypt-sha256$2b,12$d2A1TLqVWetvu6YOmDDscu$Zgl0kr4sycIsRB93MSUuPKbB7j4OVoq", "website": null, "affiliation": null, "country": null, "bracket": null, "banned": false, "verified": false, "admin": false, "joined": "2018-05-23T09:51:57.547592"}, {"id": 43, "name": "mario", "email": "mario@nintendo.com", "password": "$bcrypt-sha256$2b,12$cVbZOsX/xcCZLBkgW9VJBO$DHjD4PIlPxoyq4sAgev08z4KgttDH.S", "website": null, "affiliation": null, "country": null, "bracket": null, "banned": false, "verified": false, "admin": false, "joined": "2018-05-23T09:54:39.164672"}, {"id": 44, "name": "aiueo", "email": "aiueo@hoge.jp", "password": "$bcrypt-sha256$2b,12$/lQ3yu887n5z7jqkFSo2re$rUItAE9NXE/B8EdreRNHmH7QPpa6UGC", "website": null, "affiliation": null, "country": null, "bracket": null, "banned": false, "verified": false, "admin": false, "joined": "2018-05-23T10:08:29.878527"}, {"id": 45, "name": "qwerty", "email": "ssssssss@sssssss.com", "password": "$bcrypt-sha256$2b,12$DlN1dI2vOILqCunirqrIy.$Hr5gRW4grGr86/RnZvKqrRPVx6zoyrW", "website": null, "affiliation": null, "country": null, "bracket": null, "banned": false, "verified": false, "admin": false, "joined": "2018-05-23T10:08:50.081394"}, {"id": 46, "name": "m", "email": "test@test.com", "password": "$bcrypt-sha256$2b,12$5qFL7t1Yh/ATckS6M2lFGe$0eyVFppO.aIA1QtRoB2OuHXKuYADDPC", "website": null, "affiliation": null, "country": null, "bracket": null, "banned": false, "verified": false, "admin": false, "joined": "2018-05-23T10:11:42.176407"}, {"id": 47, "name": "Lemon", "email": "lemon@a.l", "password": "$bcrypt-sha256$2b,12$NcWGIW1V8raQZN1sxM3oaO$VtBUWLyHXOj3GMW0vNQpIx4NeH2KdUq", "website": null, "affiliation": null, "country": null, "bracket": null, "banned": false, "verified": false, "admin": false, "joined": "2018-05-23T10:13:13.398318"}, {"id": 48, "name": "yude", "email": "mmmmm@test.com", "password": "$bcrypt-sha256$2b,12$WmGNqtPFW1.oFM7BHytxL.$7JCpr00R/UlUGpkGxDwr4QOMstlVtkC", "website": null, "affiliation": null, "country": null, "bracket": null, "banned": false, "verified": false, "admin": false, "joined": "2018-05-23T10:22:19.697598"}, {"id": 49, "name": "nyaaaa", "email": "b1402627@planet.kanazawa-it.ac.jp", "password": "$bcrypt-sha256$2b,12$ay7v2oB256iofFOlSI5bsO$1YBP6oEej0n0s0UuVFFxVM6fof7LOYO", "website": null, "affiliation": null, "country": null, "bracket": null, "banned": false, "verified": false, "admin": false, "joined": "2018-05-23T10:46:22.001733"}, {"id": 50, "name": "jr9qnj", "email": "h-fujita@nsknet.or.jp", "password": "$bcrypt-sha256$2b,12$zIDZsb2Uehoaj5qL9D/Bi.$MZcbodZ5AH.YVC/UmlBNM95hjDbAM5K", "website": null, "affiliation": null, "country": null, "bracket": null, "banned": false, "verified": false, "admin": false, "joined": "2018-05-23T11:05:06.505738"}, {"id": 51, "name": "yuranraran", "email": "yurei.trash@glass.com", "password": "$bcrypt-sha256$2b,12$fcgtvX3tPsmR5ak/LFf.wO$RjWCkv3osAgXzI9J9UdFO5j9LtPTVZi", "website": null, "affiliation": null, "country": null, "bracket": null, "banned": false, "verified": false, "admin": false, "joined": "2018-05-23T11:40:29.038006"}, {"id": 52, "name": "aiueongakunsyu", "email": "abcd@aiue.op", "password": "$bcrypt-sha256$2b,12$tEL1QDPEA5Aw/L/8dvPcZO$YRGTDNm0MvJF2vU.UUi/8Ts9fJe/nnm", "website": null, "affiliation": null, "country": null, "bracket": null, "banned": false, "verified": false, "admin": false, "joined": "2018-05-24T05:59:05.765107"}, {"id": 53, "name": "kit_SecurityPRJ", "email": "nittaku9028@nittaku.com", "password": "$bcrypt-sha256$2b,12$pac7uOYkb/UcQwbhVqVL0.$VGuiW5wZvCYzc7tj96UWyDvfP.WPFCS", "website": null, "affiliation": null, "country": null, "bracket": null, "banned": false, "verified": false, "admin": false, "joined": "2018-05-25T00:40:19.045682"}, {"id": 54, "name": "seratti23", "email": "test2370@test.com", "password": "$bcrypt-sha256$2b,12$riMWKXFH4NvB/vUP.7JG6u$pNeovgAYUzpfVUY4Yo5E1e1.sfH2LSa", "website": null, "affiliation": null, "country": null, "bracket": null, "banned": false, "verified": false, "admin": false, "joined": "2018-05-25T07:03:13.854102"}, {"id": 55, "name": "yuu", "email": "test@yahoo.co.jp", "password": "$bcrypt-sha256$2b,12$xQ2eSLqRaQerDh.s27Tfru$8rQQHySKyhSOureHvjtfS2KK8gpxZ32", "website": null, "affiliation": null, "country": null, "bracket": null, "banned": false, "verified": false, "admin": false, "joined": "2018-05-28T05:54:41.611514"}, {"id": 56, "name": "\u30cf\u30fc\u30a4", "email": "oudio.tt@ppap.jp", "password": "$bcrypt-sha256$2b,12$ss3Czpakf8hEabs1UbSkMO$qxrMspSmpJyGsxu8g.g61cV6OzHf4yu", "website": null, "affiliation": null, "country": null, "bracket": null, "banned": false, "verified": false, "admin": false, "joined": "2018-05-29T07:47:10.355700"}, {"id": 57, "name": "aaa", "email": "b1517914@gmail.com", "password": "$bcrypt-sha256$2b,12$kr.3w9ZvtLBb75QCBqXMBO$X6wNdWsRBWL9L79dAEm7fUWzW.e34Wu", "website": null, "affiliation": null, "country": null, "bracket": null, "banned": false, "verified": false, "admin": false, "joined": "2018-05-29T13:50:30.518298"}], "meta": {}}