{"count": 79, "results": [{"id": 1, "teamid": 8, "date": "2018-05-16T11:28:50.010731", "itemid": 1, "model": "hints"}, {"id": 2, "teamid": 4, "date": "2018-05-16T11:30:46.060542", "itemid": 6, "model": "hints"}, {"id": 3, "teamid": 4, "date": "2018-05-16T11:33:36.107053", "itemid": 7, "model": "hints"}, {"id": 4, "teamid": 2, "date": "2018-05-16T11:42:38.187307", "itemid": 1, "model": "hints"}, {"id": 5, "teamid": 2, "date": "2018-05-16T11:42:42.433798", "itemid": 2, "model": "hints"}, {"id": 6, "teamid": 2, "date": "2018-05-16T11:42:47.048611", "itemid": 3, "model": "hints"}, {"id": 7, "teamid": 2, "date": "2018-05-16T11:42:50.516329", "itemid": 4, "model": "hints"}, {"id": 8, "teamid": 7, "date": "2018-05-16T11:46:15.216227", "itemid": 1, "model": "hints"}, {"id": 9, "teamid": 8, "date": "2018-05-16T12:04:36.872937", "itemid": 5, "model": "hints"}, {"id": 10, "teamid": 31, "date": "2018-05-16T12:31:27.924147", "itemid": 5, "model": "hints"}, {"id": 11, "teamid": 31, "date": "2018-05-16T12:32:12.406342", "itemid": 6, "model": "hints"}, {"id": 12, "teamid": 27, "date": "2018-05-16T12:47:30.790117", "itemid": 1, "model": "hints"}, {"id": 13, "teamid": 18, "date": "2018-05-16T15:59:07.615208", "itemid": 5, "model": "hints"}, {"id": 14, "teamid": 18, "date": "2018-05-16T16:01:54.748629", "itemid": 6, "model": "hints"}, {"id": 15, "teamid": 18, "date": "2018-05-16T16:02:30.377372", "itemid": 7, "model": "hints"}, {"id": 16, "teamid": 9, "date": "2018-05-16T16:11:13.673305", "itemid": 1, "model": "hints"}, {"id": 17, "teamid": 2, "date": "2018-05-17T04:34:31.720913", "itemid": 5, "model": "hints"}, {"id": 18, "teamid": 2, "date": "2018-05-17T04:34:35.359520", "itemid": 6, "model": "hints"}, {"id": 19, "teamid": 15, "date": "2018-05-17T08:35:27.893664", "itemid": 12, "model": "hints"}, {"id": 20, "teamid": 15, "date": "2018-05-17T09:11:06.138064", "itemid": 5, "model": "hints"}, {"id": 21, "teamid": 15, "date": "2018-05-17T10:20:18.718008", "itemid": 6, "model": "hints"}, {"id": 22, "teamid": 15, "date": "2018-05-17T10:43:15.206258", "itemid": 7, "model": "hints"}, {"id": 23, "teamid": 2, "date": "2018-05-17T10:57:02.710227", "itemid": 7, "model": "hints"}, {"id": 24, "teamid": 34, "date": "2018-05-17T10:59:34.012623", "itemid": 12, "model": "hints"}, {"id": 25, "teamid": 23, "date": "2018-05-17T12:17:07.548377", "itemid": 12, "model": "hints"}, {"id": 26, "teamid": 9, "date": "2018-05-17T13:17:06.267235", "itemid": 12, "model": "hints"}, {"id": 27, "teamid": 9, "date": "2018-05-17T13:38:16.497360", "itemid": 4, "model": "hints"}, {"id": 28, "teamid": 9, "date": "2018-05-17T13:38:43.960105", "itemid": 3, "model": "hints"}, {"id": 29, "teamid": 9, "date": "2018-05-17T14:29:01.041401", "itemid": 6, "model": "hints"}, {"id": 30, "teamid": 9, "date": "2018-05-17T14:29:28.898738", "itemid": 5, "model": "hints"}, {"id": 31, "teamid": 4, "date": "2018-05-17T16:21:06.919061", "itemid": 12, "model": "hints"}, {"id": 32, "teamid": 2, "date": "2018-05-17T18:43:27.132841", "itemid": 10, "model": "hints"}, {"id": 33, "teamid": 2, "date": "2018-05-17T18:43:30.414813", "itemid": 11, "model": "hints"}, {"id": 34, "teamid": 2, "date": "2018-05-17T18:43:40.789081", "itemid": 9, "model": "hints"}, {"id": 35, "teamid": 23, "date": "2018-05-17T22:40:19.409977", "itemid": 13, "model": "hints"}, {"id": 36, "teamid": 8, "date": "2018-05-17T23:45:48.756989", "itemid": 6, "model": "hints"}, {"id": 37, "teamid": 8, "date": "2018-05-17T23:45:58.456526", "itemid": 7, "model": "hints"}, {"id": 38, "teamid": 27, "date": "2018-05-18T02:39:59.661844", "itemid": 12, "model": "hints"}, {"id": 39, "teamid": 27, "date": "2018-05-18T02:55:48.848404", "itemid": 2, "model": "hints"}, {"id": 40, "teamid": 37, "date": "2018-05-19T19:21:34.451282", "itemid": 12, "model": "hints"}, {"id": 41, "teamid": 8, "date": "2018-05-23T05:16:31.843613", "itemid": 12, "model": "hints"}, {"id": 42, "teamid": 40, "date": "2018-05-23T09:56:21.765981", "itemid": 1, "model": "hints"}, {"id": 43, "teamid": 38, "date": "2018-05-23T10:04:20.689459", "itemid": 8, "model": "hints"}, {"id": 44, "teamid": 38, "date": "2018-05-23T10:05:50.529407", "itemid": 9, "model": "hints"}, {"id": 45, "teamid": 40, "date": "2018-05-23T10:32:03.375062", "itemid": 12, "model": "hints"}, {"id": 46, "teamid": 38, "date": "2018-05-23T10:32:55.110160", "itemid": 12, "model": "hints"}, {"id": 47, "teamid": 40, "date": "2018-05-23T10:34:04.301709", "itemid": 13, "model": "hints"}, {"id": 48, "teamid": 40, "date": "2018-05-23T10:35:15.985233", "itemid": 14, "model": "hints"}, {"id": 49, "teamid": 38, "date": "2018-05-23T10:39:33.294749", "itemid": 10, "model": "hints"}, {"id": 50, "teamid": 47, "date": "2018-05-23T10:44:47.221193", "itemid": 12, "model": "hints"}, {"id": 51, "teamid": 38, "date": "2018-05-23T10:45:02.634483", "itemid": 5, "model": "hints"}, {"id": 52, "teamid": 38, "date": "2018-05-23T10:45:06.876238", "itemid": 6, "model": "hints"}, {"id": 53, "teamid": 38, "date": "2018-05-23T10:45:12.347078", "itemid": 7, "model": "hints"}, {"id": 54, "teamid": 38, "date": "2018-05-23T10:49:59.409009", "itemid": 11, "model": "hints"}, {"id": 55, "teamid": 46, "date": "2018-05-23T10:55:15.479505", "itemid": 1, "model": "hints"}, {"id": 56, "teamid": 46, "date": "2018-05-23T10:57:43.909820", "itemid": 5, "model": "hints"}, {"id": 57, "teamid": 46, "date": "2018-05-23T10:57:52.744676", "itemid": 12, "model": "hints"}, {"id": 58, "teamid": 47, "date": "2018-05-23T10:58:56.811011", "itemid": 13, "model": "hints"}, {"id": 59, "teamid": 39, "date": "2018-05-23T11:19:40.807056", "itemid": 12, "model": "hints"}, {"id": 60, "teamid": 20, "date": "2018-05-23T11:22:07.960522", "itemid": 12, "model": "hints"}, {"id": 61, "teamid": 20, "date": "2018-05-23T11:40:20.123236", "itemid": 13, "model": "hints"}, {"id": 62, "teamid": 18, "date": "2018-05-23T11:42:01.648514", "itemid": 12, "model": "hints"}, {"id": 63, "teamid": 50, "date": "2018-05-23T14:00:00.091103", "itemid": 13, "model": "hints"}, {"id": 64, "teamid": 50, "date": "2018-05-23T14:03:14.829243", "itemid": 14, "model": "hints"}, {"id": 65, "teamid": 21, "date": "2018-05-25T00:56:55.116813", "itemid": 1, "model": "hints"}, {"id": 66, "teamid": 21, "date": "2018-05-25T02:56:45.792718", "itemid": 2, "model": "hints"}, {"id": 67, "teamid": 21, "date": "2018-05-25T02:57:20.449286", "itemid": 3, "model": "hints"}, {"id": 68, "teamid": 21, "date": "2018-05-25T03:01:02.225062", "itemid": 4, "model": "hints"}, {"id": 69, "teamid": 21, "date": "2018-05-25T03:10:26.538101", "itemid": 12, "model": "hints"}, {"id": 70, "teamid": 55, "date": "2018-05-28T07:21:01.997839", "itemid": 13, "model": "hints"}, {"id": 71, "teamid": 55, "date": "2018-05-28T09:44:11.697721", "itemid": 14, "model": "hints"}, {"id": 72, "teamid": 56, "date": "2018-05-29T07:51:36.708462", "itemid": 1, "model": "hints"}, {"id": 73, "teamid": 56, "date": "2018-05-29T07:51:40.444672", "itemid": 2, "model": "hints"}, {"id": 74, "teamid": 56, "date": "2018-05-29T07:51:47.069016", "itemid": 3, "model": "hints"}, {"id": 75, "teamid": 56, "date": "2018-05-29T07:51:51.739883", "itemid": 4, "model": "hints"}, {"id": 76, "teamid": 15, "date": "2018-05-30T11:30:41.200891", "itemid": 8, "model": "hints"}, {"id": 77, "teamid": 15, "date": "2018-05-30T11:30:45.295351", "itemid": 9, "model": "hints"}, {"id": 78, "teamid": 15, "date": "2018-05-30T11:30:52.138880", "itemid": 10, "model": "hints"}, {"id": 79, "teamid": 15, "date": "2018-05-30T11:30:59.354146", "itemid": 11, "model": "hints"}], "meta": {}}